ticker,name,valuation_price,price_date,observations,status,reason,data_source,source_url
A,Agilent Technologies,148.525,2026-08-14,5,ok,,HF Data Library / IEX HIST,https://hfdatalibrary.com/pages/data
AAPL,Apple Inc.,305.29,2026-08-14,5,ok,,HF Data Library / IEX HIST,https://hfdatalibrary.com/pages/data
ABBV,AbbVie,249.5,2026-08-14,5,ok,,HF Data Library / IEX HIST,https://hfdatalibrary.com/pages/data
ABNB,Airbnb,184.675,2026-08-14,5,ok,,HF Data Library / IEX HIST,https://hfdatalibrary.com/pages/data
ABT,Abbott Laboratories,110.94,2026-08-14,5,ok,,HF Data Library / IEX HIST,https://hfdatalibrary.com/pages/data
ACGL,Arch Capital Group,,,,excluded,ticker_unavailable,,
ACN,Accenture,179.24,2026-08-14,5,ok,,HF Data Library / IEX HIST,https://hfdatalibrary.com/pages/data
ADBE,Adobe Inc.,264.11,2026-08-14,5,ok,,HF Data Library / IEX HIST,https://hfdatalibrary.com/pages/data
ADI,Analog Devices,385.44,2026-08-14,5,ok,,HF Data Library / IEX HIST,https://hfdatalibrary.com/pages/data
ADM,Archer Daniels Midland,80.43,2026-08-14,5,ok,,HF Data Library / IEX HIST,https://hfdatalibrary.com/pages/data
ADP,Automatic Data Processing,272.24,2026-08-14,5,ok,,HF Data Library / IEX HIST,https://hfdatalibrary.com/pages/data
ADSK,Autodesk,251.68,2026-08-14,5,ok,,HF Data Library / IEX HIST,https://hfdatalibrary.com/pages/data
AEE,Ameren,108.64,2026-08-14,5,ok,,HF Data Library / IEX HIST,https://hfdatalibrary.com/pages/data
AEP,American Electric Power,124.54,2026-08-14,5,ok,,HF Data Library / IEX HIST,https://hfdatalibrary.com/pages/data
AES,AES Corporation,14.73,2026-08-14,5,ok,,HF Data Library / IEX HIST,https://hfdatalibrary.com/pages/data
AFL,Aflac,121.28,2026-08-14,5,ok,,HF Data Library / IEX HIST,https://hfdatalibrary.com/pages/data
AIG,American International Group,76.635,2026-08-14,5,ok,,HF Data Library / IEX HIST,https://hfdatalibrary.com/pages/data
AIZ,Assurant,282.08,2026-08-14,5,ok,,HF Data Library / IEX HIST,https://hfdatalibrary.com/pages/data
AJG,Arthur J. Gallagher & Co.,253.595,2026-08-14,5,ok,,HF Data Library / IEX HIST,https://hfdatalibrary.com/pages/data
AKAM,Akamai Technologies,122.775,2026-08-14,5,ok,,HF Data Library / IEX HIST,https://hfdatalibrary.com/pages/data
ALB,Albemarle Corporation,130.45,2026-08-14,5,ok,,HF Data Library / IEX HIST,https://hfdatalibrary.com/pages/data
ALGN,Align Technology,175.845,2026-08-14,5,ok,,HF Data Library / IEX HIST,https://hfdatalibrary.com/pages/data
ALL,Allstate,261.3,2026-08-14,5,ok,,HF Data Library / IEX HIST,https://hfdatalibrary.com/pages/data
ALLE,Allegion,166.25,2026-08-14,5,ok,,HF Data Library / IEX HIST,https://hfdatalibrary.com/pages/data
AMAT,Applied Materials,525.23,2026-08-14,5,ok,,HF Data Library / IEX HIST,https://hfdatalibrary.com/pages/data
AMCR,Amcor,46.59,2026-08-14,5,ok,,HF Data Library / IEX HIST,https://hfdatalibrary.com/pages/data
AMD,Advanced Micro Devices,482.845,2026-08-14,5,ok,,HF Data Library / IEX HIST,https://hfdatalibrary.com/pages/data
AME,Ametek,256.1,2026-08-14,5,ok,,HF Data Library / IEX HIST,https://hfdatalibrary.com/pages/data
AMGN,Amgen,416.37,2026-08-14,5,ok,,HF Data Library / IEX HIST,https://hfdatalibrary.com/pages/data
AMP,Ameriprise Financial,565,2026-08-14,5,ok,,HF Data Library / IEX HIST,https://hfdatalibrary.com/pages/data
AMT,American Tower,170.47,2026-08-14,5,ok,,HF Data Library / IEX HIST,https://hfdatalibrary.com/pages/data
AMZN,Amazon,268.67,2026-08-14,5,ok,,HF Data Library / IEX HIST,https://hfdatalibrary.com/pages/data
ANET,Arista Networks,198.81,2026-08-14,5,ok,,HF Data Library / IEX HIST,https://hfdatalibrary.com/pages/data
AON,Aon plc,356.4,2026-08-14,5,ok,,HF Data Library / IEX HIST,https://hfdatalibrary.com/pages/data
AOS,A. O. Smith,62.53,2026-08-14,5,ok,,HF Data Library / IEX HIST,https://hfdatalibrary.com/pages/data
APA,APA Corporation,40.48,2026-08-14,5,ok,,HF Data Library / IEX HIST,https://hfdatalibrary.com/pages/data
APD,Air Products,307.48,2026-08-14,5,ok,,HF Data Library / IEX HIST,https://hfdatalibrary.com/pages/data
APH,Amphenol,167.53,2026-08-14,5,ok,,HF Data Library / IEX HIST,https://hfdatalibrary.com/pages/data
APO,Apollo Global Management,140.24,2026-08-14,5,ok,,HF Data Library / IEX HIST,https://hfdatalibrary.com/pages/data
APP,AppLovin,,,,excluded,ticker_unavailable,,
APTV,Aptiv,49.565,2026-08-14,5,ok,,HF Data Library / IEX HIST,https://hfdatalibrary.com/pages/data
ARE,Alexandria Real Estate Equities,48.21,2026-08-14,5,ok,,HF Data Library / IEX HIST,https://hfdatalibrary.com/pages/data
ARES,Ares Management,,,,excluded,ticker_unavailable,,
ATO,Atmos Energy,169.58,2026-08-14,5,ok,,HF Data Library / IEX HIST,https://hfdatalibrary.com/pages/data
AVB,AvalonBay Communities,183.83,2026-08-14,5,ok,,HF Data Library / IEX HIST,https://hfdatalibrary.com/pages/data
AVGO,Broadcom,415.51,2026-08-14,5,ok,,HF Data Library / IEX HIST,https://hfdatalibrary.com/pages/data
AVY,Avery Dennison,179.715,2026-08-14,5,ok,,HF Data Library / IEX HIST,https://hfdatalibrary.com/pages/data
AWK,American Water Works,136.04,2026-08-14,5,ok,,HF Data Library / IEX HIST,https://hfdatalibrary.com/pages/data
AXON,Axon Enterprise,613.15,2026-08-14,5,ok,,HF Data Library / IEX HIST,https://hfdatalibrary.com/pages/data
AXP,American Express,342.51,2026-08-14,5,ok,,HF Data Library / IEX HIST,https://hfdatalibrary.com/pages/data
AZO,AutoZone,3045.46,2026-08-14,5,ok,,HF Data Library / IEX HIST,https://hfdatalibrary.com/pages/data
BA,Boeing,231.68,2026-08-14,5,ok,,HF Data Library / IEX HIST,https://hfdatalibrary.com/pages/data
BAC,Bank of America,64.11,2026-08-14,5,ok,,HF Data Library / IEX HIST,https://hfdatalibrary.com/pages/data
BALL,Ball Corporation,,,,excluded,ticker_unavailable,,
BAX,Baxter International,27.125,2026-08-14,5,ok,,HF Data Library / IEX HIST,https://hfdatalibrary.com/pages/data
BBY,Best Buy,83.78,2026-08-14,5,ok,,HF Data Library / IEX HIST,https://hfdatalibrary.com/pages/data
BDX,Becton Dickinson,181.935,2026-08-14,5,ok,,HF Data Library / IEX HIST,https://hfdatalibrary.com/pages/data
BEN,Franklin Resources,33.59,2026-08-14,5,ok,,HF Data Library / IEX HIST,https://hfdatalibrary.com/pages/data
BF-B,Brown–Forman,,2026-03-27,,excluded,stale_price,HF Data Library / IEX HIST,https://hfdatalibrary.com/pages/data
BG,Bunge Global,,,,excluded,ticker_unavailable,,
BIIB,Biogen,208.885,2026-08-14,5,ok,,HF Data Library / IEX HIST,https://hfdatalibrary.com/pages/data
BKNG,Booking Holdings,212.68,2026-08-14,5,ok,,HF Data Library / IEX HIST,https://hfdatalibrary.com/pages/data
BKR,Baker Hughes,64.285,2026-08-14,5,ok,,HF Data Library / IEX HIST,https://hfdatalibrary.com/pages/data
BLDR,Builders FirstSource,,,,excluded,ticker_unavailable,,
BLK,BlackRock,1161.24,2026-08-14,5,ok,,HF Data Library / IEX HIST,https://hfdatalibrary.com/pages/data
BMY,Bristol Myers Squibb,63.93,2026-08-14,5,ok,,HF Data Library / IEX HIST,https://hfdatalibrary.com/pages/data
BNY,BNY Mellon,,,,excluded,ticker_unavailable,,
BR,Broadridge Financial Solutions,170.995,2026-08-14,5,ok,,HF Data Library / IEX HIST,https://hfdatalibrary.com/pages/data
BRK-B,Berkshire Hathaway,,2026-03-27,,excluded,stale_price,HF Data Library / IEX HIST,https://hfdatalibrary.com/pages/data
BRO,Brown & Brown,71.4,2026-08-14,5,ok,,HF Data Library / IEX HIST,https://hfdatalibrary.com/pages/data
BSX,Boston Scientific,51.625,2026-08-14,5,ok,,HF Data Library / IEX HIST,https://hfdatalibrary.com/pages/data
BX,Blackstone Inc.,146.45,2026-08-14,5,ok,,HF Data Library / IEX HIST,https://hfdatalibrary.com/pages/data
BXP,"BXP, Inc.",68.005,2026-08-14,5,ok,,HF Data Library / IEX HIST,https://hfdatalibrary.com/pages/data
C,Citigroup,137.57,2026-08-14,5,ok,,HF Data Library / IEX HIST,https://hfdatalibrary.com/pages/data
CAH,Cardinal Health,234.22,2026-08-14,5,ok,,HF Data Library / IEX HIST,https://hfdatalibrary.com/pages/data
CARR,Carrier Global,63.385,2026-08-14,5,ok,,HF Data Library / IEX HIST,https://hfdatalibrary.com/pages/data
CASY,Casey's,,,,excluded,ticker_unavailable,,
CAT,Caterpillar Inc.,853.45,2026-08-14,5,ok,,HF Data Library / IEX HIST,https://hfdatalibrary.com/pages/data
CB,Chubb Limited,344.645,2026-08-14,5,ok,,HF Data Library / IEX HIST,https://hfdatalibrary.com/pages/data
CBOE,Cboe Global Markets,290.5,2026-08-14,5,ok,,HF Data Library / IEX HIST,https://hfdatalibrary.com/pages/data
CBRE,CBRE Group,147.66,2026-08-14,5,ok,,HF Data Library / IEX HIST,https://hfdatalibrary.com/pages/data
CCI,Crown Castle,73.75,2026-08-14,5,ok,,HF Data Library / IEX HIST,https://hfdatalibrary.com/pages/data
CCL,Carnival Corporation,27.825,2026-08-14,5,ok,,HF Data Library / IEX HIST,https://hfdatalibrary.com/pages/data
CDNS,Cadence Design Systems,324.8,2026-08-14,5,ok,,HF Data Library / IEX HIST,https://hfdatalibrary.com/pages/data
CDW,CDW Corporation,136.72,2026-08-14,5,ok,,HF Data Library / IEX HIST,https://hfdatalibrary.com/pages/data
CEG,Constellation Energy,278.655,2026-08-14,5,ok,,HF Data Library / IEX HIST,https://hfdatalibrary.com/pages/data
CF,CF Industries,118.295,2026-08-14,5,ok,,HF Data Library / IEX HIST,https://hfdatalibrary.com/pages/data
CFG,Citizens Financial Group,73.91,2026-08-14,5,ok,,HF Data Library / IEX HIST,https://hfdatalibrary.com/pages/data
CHD,Church & Dwight,101.61,2026-08-14,5,ok,,HF Data Library / IEX HIST,https://hfdatalibrary.com/pages/data
CHRW,C.H. Robinson,148.53,2026-08-14,5,ok,,HF Data Library / IEX HIST,https://hfdatalibrary.com/pages/data
CHTR,Charter Communications,154.41,2026-08-14,5,ok,,HF Data Library / IEX HIST,https://hfdatalibrary.com/pages/data
CI,Cigna,278,2026-08-14,5,ok,,HF Data Library / IEX HIST,https://hfdatalibrary.com/pages/data
CIEN,Ciena,428.715,2026-08-14,5,ok,,HF Data Library / IEX HIST,https://hfdatalibrary.com/pages/data
CINF,Cincinnati Financial,173.2,2026-08-14,5,ok,,HF Data Library / IEX HIST,https://hfdatalibrary.com/pages/data
CL,Colgate-Palmolive,92.375,2026-08-14,5,ok,,HF Data Library / IEX HIST,https://hfdatalibrary.com/pages/data
CLX,Clorox,106.53,2026-08-14,5,ok,,HF Data Library / IEX HIST,https://hfdatalibrary.com/pages/data
CMCSA,Comcast,25.67,2026-08-14,5,ok,,HF Data Library / IEX HIST,https://hfdatalibrary.com/pages/data
CME,CME Group,263.705,2026-08-14,5,ok,,HF Data Library / IEX HIST,https://hfdatalibrary.com/pages/data
CMG,Chipotle Mexican Grill,32.62,2026-08-14,5,ok,,HF Data Library / IEX HIST,https://hfdatalibrary.com/pages/data
CMI,Cummins,633.57,2026-08-14,5,ok,,HF Data Library / IEX HIST,https://hfdatalibrary.com/pages/data
CMS,CMS Energy,69.935,2026-08-14,5,ok,,HF Data Library / IEX HIST,https://hfdatalibrary.com/pages/data
CNC,Centene Corporation,66.555,2026-08-14,5,ok,,HF Data Library / IEX HIST,https://hfdatalibrary.com/pages/data
CNP,CenterPoint Energy,40.49,2026-08-14,5,ok,,HF Data Library / IEX HIST,https://hfdatalibrary.com/pages/data
COF,Capital One,222.59,2026-08-14,5,ok,,HF Data Library / IEX HIST,https://hfdatalibrary.com/pages/data
COHR,Coherent Corp.,,,,excluded,ticker_unavailable,,
COIN,Coinbase,148.95,2026-08-14,5,ok,,HF Data Library / IEX HIST,https://hfdatalibrary.com/pages/data
COO,Cooper Companies (The),76.62,2026-08-14,5,ok,,HF Data Library / IEX HIST,https://hfdatalibrary.com/pages/data
COP,ConocoPhillips,125.925,2026-08-14,5,ok,,HF Data Library / IEX HIST,https://hfdatalibrary.com/pages/data
COR,Cencora,,,,excluded,ticker_unavailable,,
COST,Costco,949.59,2026-08-14,5,ok,,HF Data Library / IEX HIST,https://hfdatalibrary.com/pages/data
CPAY,Corpay,,,,excluded,ticker_unavailable,,
CPRT,Copart,29.575,2026-08-14,5,ok,,HF Data Library / IEX HIST,https://hfdatalibrary.com/pages/data
CPT,Camden Property Trust,,,,excluded,ticker_unavailable,,
CRH,CRH plc,,,,excluded,ticker_unavailable,,
CRL,Charles River Laboratories,281.33,2026-08-14,5,ok,,HF Data Library / IEX HIST,https://hfdatalibrary.com/pages/data
CRM,Salesforce,197.46,2026-08-14,5,ok,,HF Data Library / IEX HIST,https://hfdatalibrary.com/pages/data
CRWD,CrowdStrike,221.89,2026-08-14,5,ok,,HF Data Library / IEX HIST,https://hfdatalibrary.com/pages/data
CSCO,Cisco,120.925,2026-08-14,5,ok,,HF Data Library / IEX HIST,https://hfdatalibrary.com/pages/data
CSGP,CoStar Group,31.435,2026-08-14,5,ok,,HF Data Library / IEX HIST,https://hfdatalibrary.com/pages/data
CSX,CSX Corporation,50.13,2026-08-14,5,ok,,HF Data Library / IEX HIST,https://hfdatalibrary.com/pages/data
CTAS,Cintas,202.03,2026-08-14,5,ok,,HF Data Library / IEX HIST,https://hfdatalibrary.com/pages/data
CTSH,Cognizant,58.605,2026-08-14,5,ok,,HF Data Library / IEX HIST,https://hfdatalibrary.com/pages/data
CTVA,Corteva,76.23,2026-08-14,5,ok,,HF Data Library / IEX HIST,https://hfdatalibrary.com/pages/data
CVNA,Carvana,74.2,2026-08-14,5,ok,,HF Data Library / IEX HIST,https://hfdatalibrary.com/pages/data
CVS,CVS Health,94.79,2026-08-14,5,ok,,HF Data Library / IEX HIST,https://hfdatalibrary.com/pages/data
CVX,Chevron Corporation,196.615,2026-08-14,5,ok,,HF Data Library / IEX HIST,https://hfdatalibrary.com/pages/data
D,Dominion Energy,68.02,2026-08-14,5,ok,,HF Data Library / IEX HIST,https://hfdatalibrary.com/pages/data
DAL,Delta Air Lines,90.05,2026-08-14,5,ok,,HF Data Library / IEX HIST,https://hfdatalibrary.com/pages/data
DASH,DoorDash,212.61,2026-08-14,5,ok,,HF Data Library / IEX HIST,https://hfdatalibrary.com/pages/data
DD,DuPont,144.345,2026-08-14,5,ok,,HF Data Library / IEX HIST,https://hfdatalibrary.com/pages/data
DDOG,Datadog,252.23,2026-08-14,5,ok,,HF Data Library / IEX HIST,https://hfdatalibrary.com/pages/data
DE,Deere & Company,612.49,2026-08-14,5,ok,,HF Data Library / IEX HIST,https://hfdatalibrary.com/pages/data
DECK,Deckers Brands,93.325,2026-08-14,5,ok,,HF Data Library / IEX HIST,https://hfdatalibrary.com/pages/data
DELL,Dell Technologies,484.34,2026-08-14,5,ok,,HF Data Library / IEX HIST,https://hfdatalibrary.com/pages/data
DG,Dollar General,122.22,2026-08-14,5,ok,,HF Data Library / IEX HIST,https://hfdatalibrary.com/pages/data
DGX,Quest Diagnostics,237.21,2026-08-14,5,ok,,HF Data Library / IEX HIST,https://hfdatalibrary.com/pages/data
DHI,D. R. Horton,148.81,2026-08-14,5,ok,,HF Data Library / IEX HIST,https://hfdatalibrary.com/pages/data
DHR,Danaher Corporation,206.62,2026-08-14,5,ok,,HF Data Library / IEX HIST,https://hfdatalibrary.com/pages/data
DIS,Walt Disney Company (The),103.52,2026-08-14,5,ok,,HF Data Library / IEX HIST,https://hfdatalibrary.com/pages/data
DLR,Digital Realty,197.085,2026-08-14,5,ok,,HF Data Library / IEX HIST,https://hfdatalibrary.com/pages/data
DLTR,Dollar Tree,129.5,2026-08-14,5,ok,,HF Data Library / IEX HIST,https://hfdatalibrary.com/pages/data
DOC,Healthpeak Properties,,,,excluded,ticker_unavailable,,
DOV,Dover Corporation,208.05,2026-08-14,5,ok,,HF Data Library / IEX HIST,https://hfdatalibrary.com/pages/data
DOW,Dow Inc.,30.57,2026-08-14,5,ok,,HF Data Library / IEX HIST,https://hfdatalibrary.com/pages/data
DPZ,Domino's,353.4,2026-08-14,5,ok,,HF Data Library / IEX HIST,https://hfdatalibrary.com/pages/data
DRI,Darden Restaurants,223.58,2026-08-14,5,ok,,HF Data Library / IEX HIST,https://hfdatalibrary.com/pages/data
DTE,DTE Energy,138.51,2026-08-14,5,ok,,HF Data Library / IEX HIST,https://hfdatalibrary.com/pages/data
DUK,Duke Energy,123.51,2026-08-14,5,ok,,HF Data Library / IEX HIST,https://hfdatalibrary.com/pages/data
DVA,DaVita,180.15,2026-08-14,5,ok,,HF Data Library / IEX HIST,https://hfdatalibrary.com/pages/data
DVN,Devon Energy,45.36,2026-08-14,5,ok,,HF Data Library / IEX HIST,https://hfdatalibrary.com/pages/data
DXCM,Dexcom,89.8,2026-08-14,5,ok,,HF Data Library / IEX HIST,https://hfdatalibrary.com/pages/data
EBAY,eBay Inc.,104.58,2026-08-14,5,ok,,HF Data Library / IEX HIST,https://hfdatalibrary.com/pages/data
ECHO,EchoStar,,,,excluded,ticker_unavailable,,
ECL,Ecolab,278.465,2026-08-14,5,ok,,HF Data Library / IEX HIST,https://hfdatalibrary.com/pages/data
ED,Consolidated Edison,107.58,2026-08-14,5,ok,,HF Data Library / IEX HIST,https://hfdatalibrary.com/pages/data
EFX,Equifax,181.295,2026-08-14,5,ok,,HF Data Library / IEX HIST,https://hfdatalibrary.com/pages/data
EG,Everest Group,,,,excluded,ticker_unavailable,,
EIX,Edison International,69.89,2026-08-14,5,ok,,HF Data Library / IEX HIST,https://hfdatalibrary.com/pages/data
EL,Estée Lauder Companies (The),87.325,2026-08-14,5,ok,,HF Data Library / IEX HIST,https://hfdatalibrary.com/pages/data
ELV,Elevance Health,,,,excluded,ticker_unavailable,,
EME,Emcor,,,,excluded,ticker_unavailable,,
EMR,Emerson Electric,163.8,2026-08-14,5,ok,,HF Data Library / IEX HIST,https://hfdatalibrary.com/pages/data
EOG,EOG Resources,142.615,2026-08-14,5,ok,,HF Data Library / IEX HIST,https://hfdatalibrary.com/pages/data
EQIX,Equinix,1063.18,2026-08-14,5,ok,,HF Data Library / IEX HIST,https://hfdatalibrary.com/pages/data
EQR,Equity Residential,65.8,2026-08-14,5,ok,,HF Data Library / IEX HIST,https://hfdatalibrary.com/pages/data
EQT,EQT Corporation,54.085,2026-08-14,5,ok,,HF Data Library / IEX HIST,https://hfdatalibrary.com/pages/data
ERIE,Erie Indemnity,,,,excluded,ticker_unavailable,,
ES,Eversource Energy,71.42,2026-08-14,5,ok,,HF Data Library / IEX HIST,https://hfdatalibrary.com/pages/data
ESS,Essex Property Trust,283.29,2026-08-14,5,ok,,HF Data Library / IEX HIST,https://hfdatalibrary.com/pages/data
ETN,Eaton Corporation,453.3,2026-08-14,5,ok,,HF Data Library / IEX HIST,https://hfdatalibrary.com/pages/data
ETR,Entergy,106.88,2026-08-14,5,ok,,HF Data Library / IEX HIST,https://hfdatalibrary.com/pages/data
EVRG,Evergy,83.33,2026-08-14,5,ok,,HF Data Library / IEX HIST,https://hfdatalibrary.com/pages/data
EW,Edwards Lifesciences,92.57,2026-08-14,5,ok,,HF Data Library / IEX HIST,https://hfdatalibrary.com/pages/data
EXC,Exelon,45.16,2026-08-14,5,ok,,HF Data Library / IEX HIST,https://hfdatalibrary.com/pages/data
EXE,Expand Energy,,,,excluded,ticker_unavailable,,
EXPD,Expeditors International,184.07,2026-08-14,5,ok,,HF Data Library / IEX HIST,https://hfdatalibrary.com/pages/data
EXPE,Expedia Group,326.54,2026-08-14,5,ok,,HF Data Library / IEX HIST,https://hfdatalibrary.com/pages/data
EXR,Extra Space Storage,146.74,2026-08-14,5,ok,,HF Data Library / IEX HIST,https://hfdatalibrary.com/pages/data
F,Ford Motor Company,13.98,2026-08-14,5,ok,,HF Data Library / IEX HIST,https://hfdatalibrary.com/pages/data
FANG,Diamondback Energy,200.85,2026-08-14,5,ok,,HF Data Library / IEX HIST,https://hfdatalibrary.com/pages/data
FAST,Fastenal,52.175,2026-08-14,5,ok,,HF Data Library / IEX HIST,https://hfdatalibrary.com/pages/data
FCX,Freeport-McMoRan,68.87,2026-08-14,5,ok,,HF Data Library / IEX HIST,https://hfdatalibrary.com/pages/data
FDS,FactSet,283.535,2026-08-14,5,ok,,HF Data Library / IEX HIST,https://hfdatalibrary.com/pages/data
FDX,FedEx,326.71,2026-08-14,5,ok,,HF Data Library / IEX HIST,https://hfdatalibrary.com/pages/data
FDXF,FedEx Freight,,,,excluded,ticker_unavailable,,
FE,FirstEnergy,46.85,2026-08-14,5,ok,,HF Data Library / IEX HIST,https://hfdatalibrary.com/pages/data
FERG,Ferguson Enterprises,,,,excluded,ticker_unavailable,,
FFIV,"F5, Inc.",414.805,2026-08-14,5,ok,,HF Data Library / IEX HIST,https://hfdatalibrary.com/pages/data
FICO,Fair Isaac,,,,excluded,ticker_unavailable,,
FIS,Fidelity National Information Services,42.83,2026-08-14,5,ok,,HF Data Library / IEX HIST,https://hfdatalibrary.com/pages/data
FISV,Fiserv,52.76,2026-08-14,5,ok,,HF Data Library / IEX HIST,https://hfdatalibrary.com/pages/data
FITB,Fifth Third Bancorp,57.96,2026-08-14,5,ok,,HF Data Library / IEX HIST,https://hfdatalibrary.com/pages/data
FIX,Comfort Systems USA,,,,excluded,ticker_unavailable,,
FLEX,Flex Ltd.,,,,excluded,ticker_unavailable,,
FOX,Fox Corporation (Class B),56.325,2026-08-14,5,ok,,HF Data Library / IEX HIST,https://hfdatalibrary.com/pages/data
FOXA,Fox Corporation (Class A),63.445,2026-08-14,5,ok,,HF Data Library / IEX HIST,https://hfdatalibrary.com/pages/data
FRT,Federal Realty Investment Trust,117.23,2026-08-14,5,ok,,HF Data Library / IEX HIST,https://hfdatalibrary.com/pages/data
FSLR,First Solar,226.66,2026-08-14,5,ok,,HF Data Library / IEX HIST,https://hfdatalibrary.com/pages/data
FTNT,Fortinet,161.91,2026-08-14,5,ok,,HF Data Library / IEX HIST,https://hfdatalibrary.com/pages/data
FTV,Fortive,61.6,2026-08-14,5,ok,,HF Data Library / IEX HIST,https://hfdatalibrary.com/pages/data
GD,General Dynamics,394.105,2026-08-14,5,ok,,HF Data Library / IEX HIST,https://hfdatalibrary.com/pages/data
GDDY,GoDaddy,92.11,2026-08-14,5,ok,,HF Data Library / IEX HIST,https://hfdatalibrary.com/pages/data
GE,GE Aerospace,366.685,2026-08-14,5,ok,,HF Data Library / IEX HIST,https://hfdatalibrary.com/pages/data
GEHC,GE HealthCare,,,,excluded,ticker_unavailable,,
GEN,Gen Digital,,,,excluded,ticker_unavailable,,
GEV,GE Vernova,,,,excluded,ticker_unavailable,,
GILD,Gilead Sciences,135.88,2026-08-14,5,ok,,HF Data Library / IEX HIST,https://hfdatalibrary.com/pages/data
GIS,General Mills,38.175,2026-08-14,5,ok,,HF Data Library / IEX HIST,https://hfdatalibrary.com/pages/data
GL,Globe Life,181.05,2026-08-14,5,ok,,HF Data Library / IEX HIST,https://hfdatalibrary.com/pages/data
GLW,Corning Inc.,159.16,2026-08-14,5,ok,,HF Data Library / IEX HIST,https://hfdatalibrary.com/pages/data
GM,General Motors,86.76,2026-08-14,5,ok,,HF Data Library / IEX HIST,https://hfdatalibrary.com/pages/data
GNRC,Generac,216.655,2026-08-14,5,ok,,HF Data Library / IEX HIST,https://hfdatalibrary.com/pages/data
GOOG,Alphabet Inc. (Class C),343.31,2026-08-14,5,ok,,HF Data Library / IEX HIST,https://hfdatalibrary.com/pages/data
GOOGL,Alphabet Inc. (Class A),345.73,2026-08-14,5,ok,,HF Data Library / IEX HIST,https://hfdatalibrary.com/pages/data
GPC,Genuine Parts Company,134.97,2026-08-14,5,ok,,HF Data Library / IEX HIST,https://hfdatalibrary.com/pages/data
GPN,Global Payments,88.54,2026-08-14,5,ok,,HF Data Library / IEX HIST,https://hfdatalibrary.com/pages/data
GRMN,Garmin,310.93,2026-08-14,5,ok,,HF Data Library / IEX HIST,https://hfdatalibrary.com/pages/data
GS,Goldman Sachs,1035.47,2026-08-14,5,ok,,HF Data Library / IEX HIST,https://hfdatalibrary.com/pages/data
GWW,W. W. Grainger,1306.48,2026-08-14,5,ok,,HF Data Library / IEX HIST,https://hfdatalibrary.com/pages/data
HAL,Halliburton,33.64,2026-08-14,5,ok,,HF Data Library / IEX HIST,https://hfdatalibrary.com/pages/data
HAS,Hasbro,96.71,2026-08-14,5,ok,,HF Data Library / IEX HIST,https://hfdatalibrary.com/pages/data
HBAN,Huntington Bancshares,17.785,2026-08-14,5,ok,,HF Data Library / IEX HIST,https://hfdatalibrary.com/pages/data
HCA,HCA Healthcare,411.785,2026-08-14,5,ok,,HF Data Library / IEX HIST,https://hfdatalibrary.com/pages/data
HD,Home Depot (The),343.98,2026-08-14,5,ok,,HF Data Library / IEX HIST,https://hfdatalibrary.com/pages/data
HIG,Hartford (The),137.99,2026-08-14,5,ok,,HF Data Library / IEX HIST,https://hfdatalibrary.com/pages/data
HII,Huntington Ingalls Industries,327.69,2026-08-14,5,ok,,HF Data Library / IEX HIST,https://hfdatalibrary.com/pages/data
HLT,Hilton Worldwide,320.61,2026-08-14,5,ok,,HF Data Library / IEX HIST,https://hfdatalibrary.com/pages/data
HON,Honeywell Technologies,234,2026-08-14,5,ok,,HF Data Library / IEX HIST,https://hfdatalibrary.com/pages/data
HONA,Honeywell Aerospace,,,,excluded,ticker_unavailable,,
HOOD,Robinhood Markets,94.9,2026-08-14,5,ok,,HF Data Library / IEX HIST,https://hfdatalibrary.com/pages/data
HPE,Hewlett Packard Enterprise,58.495,2026-08-14,5,ok,,HF Data Library / IEX HIST,https://hfdatalibrary.com/pages/data
HPQ,HP Inc.,29.87,2026-08-14,5,ok,,HF Data Library / IEX HIST,https://hfdatalibrary.com/pages/data
HRL,Hormel Foods,24.48,2026-08-14,5,ok,,HF Data Library / IEX HIST,https://hfdatalibrary.com/pages/data
HSIC,Henry Schein,89.74,2026-08-14,5,ok,,HF Data Library / IEX HIST,https://hfdatalibrary.com/pages/data
HST,Host Hotels & Resorts,22.73,2026-08-14,5,ok,,HF Data Library / IEX HIST,https://hfdatalibrary.com/pages/data
HSY,Hershey Company (The),184.24,2026-08-14,5,ok,,HF Data Library / IEX HIST,https://hfdatalibrary.com/pages/data
HUBB,Hubbell Incorporated,,,,excluded,ticker_unavailable,,
HUM,Humana,385.76,2026-08-14,5,ok,,HF Data Library / IEX HIST,https://hfdatalibrary.com/pages/data
HWM,Howmet Aerospace,,,,excluded,ticker_unavailable,,
IBKR,Interactive Brokers,91.55,2026-08-14,5,ok,,HF Data Library / IEX HIST,https://hfdatalibrary.com/pages/data
IBM,IBM,236.14,2026-08-14,5,ok,,HF Data Library / IEX HIST,https://hfdatalibrary.com/pages/data
ICE,Intercontinental Exchange,151.35,2026-08-14,5,ok,,HF Data Library / IEX HIST,https://hfdatalibrary.com/pages/data
IDXX,Idexx Laboratories,570.76,2026-08-14,5,ok,,HF Data Library / IEX HIST,https://hfdatalibrary.com/pages/data
IEX,IDEX Corporation,238.77,2026-08-14,5,ok,,HF Data Library / IEX HIST,https://hfdatalibrary.com/pages/data
IFF,International Flavors & Fragrances,84.09,2026-08-14,5,ok,,HF Data Library / IEX HIST,https://hfdatalibrary.com/pages/data
INCY,Incyte,120.77,2026-08-14,5,ok,,HF Data Library / IEX HIST,https://hfdatalibrary.com/pages/data
INTC,Intel,101.01,2026-08-14,5,ok,,HF Data Library / IEX HIST,https://hfdatalibrary.com/pages/data
INTU,Intuit,336.45,2026-08-14,5,ok,,HF Data Library / IEX HIST,https://hfdatalibrary.com/pages/data
INVH,Invitation Homes,,,,excluded,ticker_unavailable,,
IP,International Paper,41.15,2026-08-14,5,ok,,HF Data Library / IEX HIST,https://hfdatalibrary.com/pages/data
IQV,IQVIA,242.47,2026-08-14,5,ok,,HF Data Library / IEX HIST,https://hfdatalibrary.com/pages/data
IR,Ingersoll Rand,84.785,2026-08-14,5,ok,,HF Data Library / IEX HIST,https://hfdatalibrary.com/pages/data
IRM,Iron Mountain,124.44,2026-08-14,5,ok,,HF Data Library / IEX HIST,https://hfdatalibrary.com/pages/data
ISRG,Intuitive Surgical,401.22,2026-08-14,5,ok,,HF Data Library / IEX HIST,https://hfdatalibrary.com/pages/data
IT,Gartner,183.4,2026-08-14,5,ok,,HF Data Library / IEX HIST,https://hfdatalibrary.com/pages/data
ITW,Illinois Tool Works,292.51,2026-08-14,5,ok,,HF Data Library / IEX HIST,https://hfdatalibrary.com/pages/data
IVZ,Invesco,31.77,2026-08-14,5,ok,,HF Data Library / IEX HIST,https://hfdatalibrary.com/pages/data
J,Jacobs Solutions,145.31,2026-08-14,5,ok,,HF Data Library / IEX HIST,https://hfdatalibrary.com/pages/data
JBHT,J.B. Hunt,276.63,2026-08-14,5,ok,,HF Data Library / IEX HIST,https://hfdatalibrary.com/pages/data
JBL,Jabil,,,,excluded,ticker_unavailable,,
JCI,Johnson Controls,152.8,2026-08-14,5,ok,,HF Data Library / IEX HIST,https://hfdatalibrary.com/pages/data
JKHY,Jack Henry & Associates,153.66,2026-08-14,5,ok,,HF Data Library / IEX HIST,https://hfdatalibrary.com/pages/data
JNJ,Johnson & Johnson,260.71,2026-08-14,5,ok,,HF Data Library / IEX HIST,https://hfdatalibrary.com/pages/data
JPM,JPMorgan Chase,362.82,2026-08-14,5,ok,,HF Data Library / IEX HIST,https://hfdatalibrary.com/pages/data
KDP,Keurig Dr Pepper,29.56,2026-08-14,5,ok,,HF Data Library / IEX HIST,https://hfdatalibrary.com/pages/data
KEY,KeyCorp,22.895,2026-08-14,5,ok,,HF Data Library / IEX HIST,https://hfdatalibrary.com/pages/data
KEYS,Keysight Technologies,353.76,2026-08-14,5,ok,,HF Data Library / IEX HIST,https://hfdatalibrary.com/pages/data
KHC,Kraft Heinz,24.82,2026-08-14,5,ok,,HF Data Library / IEX HIST,https://hfdatalibrary.com/pages/data
KIM,Kimco Realty,24.18,2026-08-14,5,ok,,HF Data Library / IEX HIST,https://hfdatalibrary.com/pages/data
KKR,KKR & Co.,,,,excluded,ticker_unavailable,,
KLAC,KLA Corporation,203.95,2026-08-14,5,ok,,HF Data Library / IEX HIST,https://hfdatalibrary.com/pages/data
KMB,Kimberly-Clark,108.94,2026-08-14,5,ok,,HF Data Library / IEX HIST,https://hfdatalibrary.com/pages/data
KMI,Kinder Morgan,31.72,2026-08-14,5,ok,,HF Data Library / IEX HIST,https://hfdatalibrary.com/pages/data
KO,Coca-Cola Company (The),86.875,2026-08-14,5,ok,,HF Data Library / IEX HIST,https://hfdatalibrary.com/pages/data
KR,Kroger,56.445,2026-08-14,5,ok,,HF Data Library / IEX HIST,https://hfdatalibrary.com/pages/data
KVUE,Kenvue,,,,excluded,ticker_unavailable,,
L,Loews Corporation,113.125,2026-08-14,5,ok,,HF Data Library / IEX HIST,https://hfdatalibrary.com/pages/data
LDOS,Leidos,140.835,2026-08-14,5,ok,,HF Data Library / IEX HIST,https://hfdatalibrary.com/pages/data
LEN,Lennar,86.8,2026-08-14,5,ok,,HF Data Library / IEX HIST,https://hfdatalibrary.com/pages/data
LH,Labcorp,322.65,2026-08-14,5,ok,,HF Data Library / IEX HIST,https://hfdatalibrary.com/pages/data
LHX,L3Harris,289.96,2026-08-14,5,ok,,HF Data Library / IEX HIST,https://hfdatalibrary.com/pages/data
LII,Lennox International,,,,excluded,ticker_unavailable,,
LIN,Linde plc,482.705,2026-08-14,5,ok,,HF Data Library / IEX HIST,https://hfdatalibrary.com/pages/data
LITE,Lumentum,,,,excluded,ticker_unavailable,,
LLY,Lilly (Eli),1214.63,2026-08-14,5,ok,,HF Data Library / IEX HIST,https://hfdatalibrary.com/pages/data
LMT,Lockheed Martin,601.7,2026-08-14,5,ok,,HF Data Library / IEX HIST,https://hfdatalibrary.com/pages/data
LNT,Alliant Energy,70.22,2026-08-14,5,ok,,HF Data Library / IEX HIST,https://hfdatalibrary.com/pages/data
LOW,Lowe's,218.185,2026-08-14,5,ok,,HF Data Library / IEX HIST,https://hfdatalibrary.com/pages/data
LRCX,Lam Research,326.04,2026-08-14,5,ok,,HF Data Library / IEX HIST,https://hfdatalibrary.com/pages/data
LULU,Lululemon Athletica,120.84,2026-08-14,5,ok,,HF Data Library / IEX HIST,https://hfdatalibrary.com/pages/data
LUV,Southwest Airlines,44.905,2026-08-14,5,ok,,HF Data Library / IEX HIST,https://hfdatalibrary.com/pages/data
LVS,Las Vegas Sands,45.705,2026-08-14,5,ok,,HF Data Library / IEX HIST,https://hfdatalibrary.com/pages/data
LYB,LyondellBasell,62.81,2026-08-14,5,ok,,HF Data Library / IEX HIST,https://hfdatalibrary.com/pages/data
LYV,Live Nation Entertainment,185.35,2026-08-14,5,ok,,HF Data Library / IEX HIST,https://hfdatalibrary.com/pages/data
MA,Mastercard,562.19,2026-08-14,5,ok,,HF Data Library / IEX HIST,https://hfdatalibrary.com/pages/data
MAA,Mid-America Apartment Communities,132.37,2026-08-14,5,ok,,HF Data Library / IEX HIST,https://hfdatalibrary.com/pages/data
MAR,Marriott International,352.54,2026-08-14,5,ok,,HF Data Library / IEX HIST,https://hfdatalibrary.com/pages/data
MAS,Masco,74.64,2026-08-14,5,ok,,HF Data Library / IEX HIST,https://hfdatalibrary.com/pages/data
MCD,McDonald's,273.01,2026-08-14,5,ok,,HF Data Library / IEX HIST,https://hfdatalibrary.com/pages/data
MCHP,Microchip Technology,79.41,2026-08-14,5,ok,,HF Data Library / IEX HIST,https://hfdatalibrary.com/pages/data
MCK,McKesson Corporation,877.9,2026-08-14,5,ok,,HF Data Library / IEX HIST,https://hfdatalibrary.com/pages/data
MCO,Moody's Corporation,478.985,2026-08-14,5,ok,,HF Data Library / IEX HIST,https://hfdatalibrary.com/pages/data
MDLZ,Mondelez International,62.175,2026-08-14,5,ok,,HF Data Library / IEX HIST,https://hfdatalibrary.com/pages/data
MDT,Medtronic,90.67,2026-08-14,5,ok,,HF Data Library / IEX HIST,https://hfdatalibrary.com/pages/data
MET,MetLife,97.07,2026-08-14,5,ok,,HF Data Library / IEX HIST,https://hfdatalibrary.com/pages/data
META,Meta Platforms,,,,excluded,ticker_unavailable,,
MGM,MGM Resorts,43.975,2026-08-14,5,ok,,HF Data Library / IEX HIST,https://hfdatalibrary.com/pages/data
MKC,McCormick & Company,52.94,2026-08-14,5,ok,,HF Data Library / IEX HIST,https://hfdatalibrary.com/pages/data
MLM,Martin Marietta Materials,548.25,2026-08-14,5,ok,,HF Data Library / IEX HIST,https://hfdatalibrary.com/pages/data
MMM,3M,182.775,2026-08-14,5,ok,,HF Data Library / IEX HIST,https://hfdatalibrary.com/pages/data
MNST,Monster Beverage,46.685,2026-08-14,5,ok,,HF Data Library / IEX HIST,https://hfdatalibrary.com/pages/data
MO,Altria,65.095,2026-08-14,5,ok,,HF Data Library / IEX HIST,https://hfdatalibrary.com/pages/data
MOS,Mosaic Company (The),22.61,2026-08-14,5,ok,,HF Data Library / IEX HIST,https://hfdatalibrary.com/pages/data
MPC,Marathon Petroleum,346.53,2026-08-14,5,ok,,HF Data Library / IEX HIST,https://hfdatalibrary.com/pages/data
MPWR,Monolithic Power Systems,1401.26,2026-08-14,5,ok,,HF Data Library / IEX HIST,https://hfdatalibrary.com/pages/data
MRK,Merck & Co.,132.93,2026-08-14,5,ok,,HF Data Library / IEX HIST,https://hfdatalibrary.com/pages/data
MRNA,Moderna,63.285,2026-08-14,5,ok,,HF Data Library / IEX HIST,https://hfdatalibrary.com/pages/data
MRSH,Marsh McLennan,,,,excluded,ticker_unavailable,,
MRVL,Marvell Technology,218.99,2026-08-14,5,ok,,HF Data Library / IEX HIST,https://hfdatalibrary.com/pages/data
MS,Morgan Stanley,217.36,2026-08-14,5,ok,,HF Data Library / IEX HIST,https://hfdatalibrary.com/pages/data
MSCI,MSCI,563.1,2026-08-14,5,ok,,HF Data Library / IEX HIST,https://hfdatalibrary.com/pages/data
MSFT,Microsoft,496.81,2026-08-14,5,ok,,HF Data Library / IEX HIST,https://hfdatalibrary.com/pages/data
MSI,Motorola Solutions,465.64,2026-08-14,5,ok,,HF Data Library / IEX HIST,https://hfdatalibrary.com/pages/data
MTB,M&T Bank,253.23,2026-08-14,5,ok,,HF Data Library / IEX HIST,https://hfdatalibrary.com/pages/data
MTD,Mettler Toledo,1431.06,2026-08-14,5,ok,,HF Data Library / IEX HIST,https://hfdatalibrary.com/pages/data
MU,Micron Technology,911.3,2026-08-14,5,ok,,HF Data Library / IEX HIST,https://hfdatalibrary.com/pages/data
NCLH,Norwegian Cruise Line Holdings,18.92,2026-08-14,5,ok,,HF Data Library / IEX HIST,https://hfdatalibrary.com/pages/data
NDAQ,"Nasdaq, Inc.",95.88,2026-08-14,5,ok,,HF Data Library / IEX HIST,https://hfdatalibrary.com/pages/data
NDSN,Nordson Corporation,309.915,2026-08-14,5,ok,,HF Data Library / IEX HIST,https://hfdatalibrary.com/pages/data
NEE,NextEra Energy,85.765,2026-08-14,5,ok,,HF Data Library / IEX HIST,https://hfdatalibrary.com/pages/data
NEM,Newmont,117.24,2026-08-14,5,ok,,HF Data Library / IEX HIST,https://hfdatalibrary.com/pages/data
NFLX,Netflix,75.84,2026-08-14,5,ok,,HF Data Library / IEX HIST,https://hfdatalibrary.com/pages/data
NI,NiSource,42.01,2026-08-14,5,ok,,HF Data Library / IEX HIST,https://hfdatalibrary.com/pages/data
NKE,"Nike, Inc.",41.215,2026-08-14,5,ok,,HF Data Library / IEX HIST,https://hfdatalibrary.com/pages/data
NOC,Northrop Grumman,577.04,2026-08-14,5,ok,,HF Data Library / IEX HIST,https://hfdatalibrary.com/pages/data
NOW,ServiceNow,127.21,2026-08-14,5,ok,,HF Data Library / IEX HIST,https://hfdatalibrary.com/pages/data
NRG,NRG Energy,120.37,2026-08-14,5,ok,,HF Data Library / IEX HIST,https://hfdatalibrary.com/pages/data
NSC,Norfolk Southern,334.98,2026-08-14,5,ok,,HF Data Library / IEX HIST,https://hfdatalibrary.com/pages/data
NTAP,NetApp,202.005,2026-08-14,5,ok,,HF Data Library / IEX HIST,https://hfdatalibrary.com/pages/data
NTRS,Northern Trust,190.49,2026-08-14,5,ok,,HF Data Library / IEX HIST,https://hfdatalibrary.com/pages/data
NUE,Nucor,272.25,2026-08-14,5,ok,,HF Data Library / IEX HIST,https://hfdatalibrary.com/pages/data
NVDA,Nvidia,223.35,2026-08-14,5,ok,,HF Data Library / IEX HIST,https://hfdatalibrary.com/pages/data
NVR,"NVR, Inc.",6310.02,2026-08-14,5,ok,,HF Data Library / IEX HIST,https://hfdatalibrary.com/pages/data
NWS,News Corp (Class B),32.69,2026-08-14,5,ok,,HF Data Library / IEX HIST,https://hfdatalibrary.com/pages/data
NWSA,News Corp (Class A),28.66,2026-08-14,5,ok,,HF Data Library / IEX HIST,https://hfdatalibrary.com/pages/data
NXPI,NXP Semiconductors,234.24,2026-08-14,5,ok,,HF Data Library / IEX HIST,https://hfdatalibrary.com/pages/data
O,Realty Income,62.445,2026-08-14,5,ok,,HF Data Library / IEX HIST,https://hfdatalibrary.com/pages/data
ODFL,Old Dominion,212.66,2026-08-14,5,ok,,HF Data Library / IEX HIST,https://hfdatalibrary.com/pages/data
OKE,Oneok,92.335,2026-08-14,5,ok,,HF Data Library / IEX HIST,https://hfdatalibrary.com/pages/data
OMC,Omnicom Group,85.96,2026-08-14,5,ok,,HF Data Library / IEX HIST,https://hfdatalibrary.com/pages/data
ON,ON Semiconductor,81.56,2026-08-14,5,ok,,HF Data Library / IEX HIST,https://hfdatalibrary.com/pages/data
ORCL,Oracle Corporation,151.26,2026-08-14,5,ok,,HF Data Library / IEX HIST,https://hfdatalibrary.com/pages/data
ORLY,O'Reilly Automotive,92.19,2026-08-14,5,ok,,HF Data Library / IEX HIST,https://hfdatalibrary.com/pages/data
OTIS,Otis Worldwide,73.06,2026-08-14,5,ok,,HF Data Library / IEX HIST,https://hfdatalibrary.com/pages/data
OXY,Occidental Petroleum,58.55,2026-08-14,5,ok,,HF Data Library / IEX HIST,https://hfdatalibrary.com/pages/data
PANW,Palo Alto Networks,385.07,2026-08-14,5,ok,,HF Data Library / IEX HIST,https://hfdatalibrary.com/pages/data
PAYX,Paychex,121.3,2026-08-14,5,ok,,HF Data Library / IEX HIST,https://hfdatalibrary.com/pages/data
PCAR,Paccar,131.05,2026-08-14,5,ok,,HF Data Library / IEX HIST,https://hfdatalibrary.com/pages/data
PCG,PG&E Corporation,17.38,2026-08-14,5,ok,,HF Data Library / IEX HIST,https://hfdatalibrary.com/pages/data
PEG,Public Service Enterprise Group,75.86,2026-08-14,5,ok,,HF Data Library / IEX HIST,https://hfdatalibrary.com/pages/data
PEP,PepsiCo,138.695,2026-08-14,5,ok,,HF Data Library / IEX HIST,https://hfdatalibrary.com/pages/data
PFE,Pfizer,26.765,2026-08-14,5,ok,,HF Data Library / IEX HIST,https://hfdatalibrary.com/pages/data
PFG,Principal Financial Group,113.79,2026-08-14,5,ok,,HF Data Library / IEX HIST,https://hfdatalibrary.com/pages/data
PG,Procter & Gamble,144.81,2026-08-14,5,ok,,HF Data Library / IEX HIST,https://hfdatalibrary.com/pages/data
PGR,Progressive Corporation,209.585,2026-08-14,5,ok,,HF Data Library / IEX HIST,https://hfdatalibrary.com/pages/data
PH,Parker Hannifin,1061.05,2026-08-14,5,ok,,HF Data Library / IEX HIST,https://hfdatalibrary.com/pages/data
PHM,PulteGroup,130.175,2026-08-14,5,ok,,HF Data Library / IEX HIST,https://hfdatalibrary.com/pages/data
PKG,Packaging Corporation of America,256.98,2026-08-14,5,ok,,HF Data Library / IEX HIST,https://hfdatalibrary.com/pages/data
PLD,Prologis,140.645,2026-08-14,5,ok,,HF Data Library / IEX HIST,https://hfdatalibrary.com/pages/data
PLTR,Palantir Technologies,175.08,2026-08-14,5,ok,,HF Data Library / IEX HIST,https://hfdatalibrary.com/pages/data
PM,Philip Morris International,186.275,2026-08-14,5,ok,,HF Data Library / IEX HIST,https://hfdatalibrary.com/pages/data
PNC,PNC Financial Services,255.28,2026-08-14,5,ok,,HF Data Library / IEX HIST,https://hfdatalibrary.com/pages/data
PNR,Pentair,66.74,2026-08-14,5,ok,,HF Data Library / IEX HIST,https://hfdatalibrary.com/pages/data
PNW,Pinnacle West Capital,100.36,2026-08-14,5,ok,,HF Data Library / IEX HIST,https://hfdatalibrary.com/pages/data
PODD,Insulet Corporation,,,,excluded,ticker_unavailable,,
PPG,PPG Industries,114.75,2026-08-14,5,ok,,HF Data Library / IEX HIST,https://hfdatalibrary.com/pages/data
PPL,PPL Corporation,35.375,2026-08-14,5,ok,,HF Data Library / IEX HIST,https://hfdatalibrary.com/pages/data
PRU,Prudential Financial,122.75,2026-08-14,5,ok,,HF Data Library / IEX HIST,https://hfdatalibrary.com/pages/data
PSA,Public Storage,325.34,2026-08-14,5,ok,,HF Data Library / IEX HIST,https://hfdatalibrary.com/pages/data
PSKY,Paramount Skydance Corporation,,,,excluded,ticker_unavailable,,
PSX,Phillips 66,225.6,2026-08-14,5,ok,,HF Data Library / IEX HIST,https://hfdatalibrary.com/pages/data
PTC,PTC Inc.,150.39,2026-08-14,5,ok,,HF Data Library / IEX HIST,https://hfdatalibrary.com/pages/data
PWR,Quanta Services,672.6,2026-08-14,5,ok,,HF Data Library / IEX HIST,https://hfdatalibrary.com/pages/data
PYPL,PayPal,59.2,2026-08-14,5,ok,,HF Data Library / IEX HIST,https://hfdatalibrary.com/pages/data
Q,Qnity Electronics,,,,excluded,ticker_unavailable,,
QCOM,Qualcomm,163.04,2026-08-14,5,ok,,HF Data Library / IEX HIST,https://hfdatalibrary.com/pages/data
RCL,Royal Caribbean Group,308.11,2026-08-14,5,ok,,HF Data Library / IEX HIST,https://hfdatalibrary.com/pages/data
REG,Regency Centers,76.14,2026-08-14,5,ok,,HF Data Library / IEX HIST,https://hfdatalibrary.com/pages/data
REGN,Regeneron Pharmaceuticals,803.465,2026-08-14,5,ok,,HF Data Library / IEX HIST,https://hfdatalibrary.com/pages/data
RF,Regions Financial Corporation,31.62,2026-08-14,5,ok,,HF Data Library / IEX HIST,https://hfdatalibrary.com/pages/data
RJF,Raymond James Financial,180.82,2026-08-14,5,ok,,HF Data Library / IEX HIST,https://hfdatalibrary.com/pages/data
RL,Ralph Lauren Corporation,396.15,2026-08-14,5,ok,,HF Data Library / IEX HIST,https://hfdatalibrary.com/pages/data
RMD,ResMed|,224.805,2026-08-14,5,ok,,HF Data Library / IEX HIST,https://hfdatalibrary.com/pages/data
ROK,Rockwell Automation,447.01,2026-08-14,5,ok,,HF Data Library / IEX HIST,https://hfdatalibrary.com/pages/data
ROL,"Rollins, Inc.",36.525,2026-08-14,5,ok,,HF Data Library / IEX HIST,https://hfdatalibrary.com/pages/data
ROP,Roper Technologies,399.25,2026-08-14,5,ok,,HF Data Library / IEX HIST,https://hfdatalibrary.com/pages/data
ROST,Ross Stores,248.265,2026-08-14,5,ok,,HF Data Library / IEX HIST,https://hfdatalibrary.com/pages/data
RSG,Republic Services,215.07,2026-08-14,5,ok,,HF Data Library / IEX HIST,https://hfdatalibrary.com/pages/data
RTX,RTX Corporation,222.755,2026-08-14,5,ok,,HF Data Library / IEX HIST,https://hfdatalibrary.com/pages/data
RVTY,Revvity,,,,excluded,ticker_unavailable,,
SBAC,SBA Communications,182.845,2026-08-14,5,ok,,HF Data Library / IEX HIST,https://hfdatalibrary.com/pages/data
SBUX,Starbucks,107.7,2026-08-14,5,ok,,HF Data Library / IEX HIST,https://hfdatalibrary.com/pages/data
SCHW,Charles Schwab Corporation,109.34,2026-08-14,5,ok,,HF Data Library / IEX HIST,https://hfdatalibrary.com/pages/data
SHW,Sherwin-Williams,361.055,2026-08-14,5,ok,,HF Data Library / IEX HIST,https://hfdatalibrary.com/pages/data
SJM,J.M. Smucker Company (The),118.79,2026-08-14,5,ok,,HF Data Library / IEX HIST,https://hfdatalibrary.com/pages/data
SLB,Schlumberger,53.01,2026-08-14,5,ok,,HF Data Library / IEX HIST,https://hfdatalibrary.com/pages/data
SMCI,Supermicro,,,,excluded,ticker_unavailable,,
SNA,Snap-on,408.4,2026-08-14,5,ok,,HF Data Library / IEX HIST,https://hfdatalibrary.com/pages/data
SNDK,Sandisk,,,,excluded,ticker_unavailable,,
SNPS,Synopsys,412.27,2026-08-14,5,ok,,HF Data Library / IEX HIST,https://hfdatalibrary.com/pages/data
SO,Southern Company,92.37,2026-08-14,5,ok,,HF Data Library / IEX HIST,https://hfdatalibrary.com/pages/data
SOLV,Solventum,,,,excluded,ticker_unavailable,,
SPG,Simon Property Group,220.55,2026-08-14,5,ok,,HF Data Library / IEX HIST,https://hfdatalibrary.com/pages/data
SPGI,S&P Global,410.32,2026-08-14,5,ok,,HF Data Library / IEX HIST,https://hfdatalibrary.com/pages/data
SRE,Sempra,85.785,2026-08-14,5,ok,,HF Data Library / IEX HIST,https://hfdatalibrary.com/pages/data
STE,Steris,236.58,2026-08-14,5,ok,,HF Data Library / IEX HIST,https://hfdatalibrary.com/pages/data
STLD,Steel Dynamics,,,,excluded,ticker_unavailable,,
STT,State Street Corporation,189.68,2026-08-14,5,ok,,HF Data Library / IEX HIST,https://hfdatalibrary.com/pages/data
STX,Seagate Technology,878.015,2026-08-14,5,ok,,HF Data Library / IEX HIST,https://hfdatalibrary.com/pages/data
STZ,Constellation Brands,133.945,2026-08-14,5,ok,,HF Data Library / IEX HIST,https://hfdatalibrary.com/pages/data
SW,Smurfit Westrock,,,,excluded,ticker_unavailable,,
SWK,Stanley Black & Decker,102.65,2026-08-14,5,ok,,HF Data Library / IEX HIST,https://hfdatalibrary.com/pages/data
SWKS,Skyworks Solutions,69.27,2026-08-14,5,ok,,HF Data Library / IEX HIST,https://hfdatalibrary.com/pages/data
SYF,Synchrony Financial,79.64,2026-08-14,5,ok,,HF Data Library / IEX HIST,https://hfdatalibrary.com/pages/data
SYK,Stryker Corporation,345.305,2026-08-14,5,ok,,HF Data Library / IEX HIST,https://hfdatalibrary.com/pages/data
SYY,Sysco,83.91,2026-08-14,5,ok,,HF Data Library / IEX HIST,https://hfdatalibrary.com/pages/data
T,AT&T,24.455,2026-08-14,5,ok,,HF Data Library / IEX HIST,https://hfdatalibrary.com/pages/data
TAP,Molson Coors Beverage Company,42.125,2026-08-14,5,ok,,HF Data Library / IEX HIST,https://hfdatalibrary.com/pages/data
TDG,TransDigm Group,1242.54,2026-08-14,5,ok,,HF Data Library / IEX HIST,https://hfdatalibrary.com/pages/data
TDY,Teledyne Technologies,681.895,2026-08-14,5,ok,,HF Data Library / IEX HIST,https://hfdatalibrary.com/pages/data
TECH,Bio-Techne,72.235,2026-08-14,5,ok,,HF Data Library / IEX HIST,https://hfdatalibrary.com/pages/data
TEL,TE Connectivity,215.29,2026-08-14,5,ok,,HF Data Library / IEX HIST,https://hfdatalibrary.com/pages/data
TER,Teradyne,402.63,2026-08-14,5,ok,,HF Data Library / IEX HIST,https://hfdatalibrary.com/pages/data
TFC,Truist Financial,52.67,2026-08-14,5,ok,,HF Data Library / IEX HIST,https://hfdatalibrary.com/pages/data
TGT,Target Corporation,153.78,2026-08-14,5,ok,,HF Data Library / IEX HIST,https://hfdatalibrary.com/pages/data
TJX,TJX Companies,153.75,2026-08-14,5,ok,,HF Data Library / IEX HIST,https://hfdatalibrary.com/pages/data
TKO,TKO Group Holdings,,,,excluded,ticker_unavailable,,
TMO,Thermo Fisher Scientific,598.17,2026-08-14,5,ok,,HF Data Library / IEX HIST,https://hfdatalibrary.com/pages/data
TMUS,T-Mobile US,178.54,2026-08-14,5,ok,,HF Data Library / IEX HIST,https://hfdatalibrary.com/pages/data
TPL,Texas Pacific Land Corporation,,,,excluded,ticker_unavailable,,
TPR,"Tapestry, Inc.",154.04,2026-08-14,5,ok,,HF Data Library / IEX HIST,https://hfdatalibrary.com/pages/data
TRGP,Targa Resources,,,,excluded,ticker_unavailable,,
TRMB,Trimble Inc.,57.595,2026-08-14,5,ok,,HF Data Library / IEX HIST,https://hfdatalibrary.com/pages/data
TROW,T. Rowe Price,111.415,2026-08-14,5,ok,,HF Data Library / IEX HIST,https://hfdatalibrary.com/pages/data
TRV,Travelers Companies (The),370.355,2026-08-14,5,ok,,HF Data Library / IEX HIST,https://hfdatalibrary.com/pages/data
TSCO,Tractor Supply,35.84,2026-08-14,5,ok,,HF Data Library / IEX HIST,https://hfdatalibrary.com/pages/data
TSLA,"Tesla, Inc.",332.805,2026-08-14,5,ok,,HF Data Library / IEX HIST,https://hfdatalibrary.com/pages/data
TSN,Tyson Foods,56.58,2026-08-14,5,ok,,HF Data Library / IEX HIST,https://hfdatalibrary.com/pages/data
TT,Trane Technologies,478.175,2026-08-14,5,ok,,HF Data Library / IEX HIST,https://hfdatalibrary.com/pages/data
TTD,Trade Desk (The),13.59,2026-08-14,5,ok,,HF Data Library / IEX HIST,https://hfdatalibrary.com/pages/data
TTWO,Take-Two Interactive,246.64,2026-08-14,5,ok,,HF Data Library / IEX HIST,https://hfdatalibrary.com/pages/data
TXN,Texas Instruments,279.71,2026-08-14,5,ok,,HF Data Library / IEX HIST,https://hfdatalibrary.com/pages/data
TXT,Textron,88.96,2026-08-14,5,ok,,HF Data Library / IEX HIST,https://hfdatalibrary.com/pages/data
TYL,Tyler Technologies,322.77,2026-08-14,5,ok,,HF Data Library / IEX HIST,https://hfdatalibrary.com/pages/data
UAL,United Airlines Holdings,125.34,2026-08-14,5,ok,,HF Data Library / IEX HIST,https://hfdatalibrary.com/pages/data
UBER,Uber,75.92,2026-08-14,5,ok,,HF Data Library / IEX HIST,https://hfdatalibrary.com/pages/data
UDR,"UDR, Inc.",37.68,2026-08-14,5,ok,,HF Data Library / IEX HIST,https://hfdatalibrary.com/pages/data
UHS,Universal Health Services,171.51,2026-08-14,5,ok,,HF Data Library / IEX HIST,https://hfdatalibrary.com/pages/data
ULTA,Ulta Beauty,532.3,2026-08-14,5,ok,,HF Data Library / IEX HIST,https://hfdatalibrary.com/pages/data
UNH,UnitedHealth Group,402.74,2026-08-14,5,ok,,HF Data Library / IEX HIST,https://hfdatalibrary.com/pages/data
UNP,Union Pacific Corporation,293.73,2026-08-14,5,ok,,HF Data Library / IEX HIST,https://hfdatalibrary.com/pages/data
UPS,United Parcel Service,104.545,2026-08-14,5,ok,,HF Data Library / IEX HIST,https://hfdatalibrary.com/pages/data
URI,United Rentals,1139.19,2026-08-14,5,ok,,HF Data Library / IEX HIST,https://hfdatalibrary.com/pages/data
USB,U.S. Bancorp,65.02,2026-08-14,5,ok,,HF Data Library / IEX HIST,https://hfdatalibrary.com/pages/data
V,Visa Inc.,362.57,2026-08-14,5,ok,,HF Data Library / IEX HIST,https://hfdatalibrary.com/pages/data
VEEV,Veeva Systems,240.59,2026-08-14,5,ok,,HF Data Library / IEX HIST,https://hfdatalibrary.com/pages/data
VICI,Vici Properties,26.08,2026-08-14,5,ok,,HF Data Library / IEX HIST,https://hfdatalibrary.com/pages/data
VLO,Valero Energy,330.315,2026-08-14,5,ok,,HF Data Library / IEX HIST,https://hfdatalibrary.com/pages/data
VLTO,Veralto,,,,excluded,ticker_unavailable,,
VMC,Vulcan Materials Company,281.67,2026-08-14,5,ok,,HF Data Library / IEX HIST,https://hfdatalibrary.com/pages/data
VRSK,Verisk Analytics,181.19,2026-08-14,5,ok,,HF Data Library / IEX HIST,https://hfdatalibrary.com/pages/data
VRSN,Verisign,287.175,2026-08-14,5,ok,,HF Data Library / IEX HIST,https://hfdatalibrary.com/pages/data
VRT,Vertiv,,,,excluded,ticker_unavailable,,
VRTX,Vertex Pharmaceuticals,521.555,2026-08-14,5,ok,,HF Data Library / IEX HIST,https://hfdatalibrary.com/pages/data
VST,Vistra Corp.,,,,excluded,ticker_unavailable,,
VTR,Ventas,90.13,2026-08-14,5,ok,,HF Data Library / IEX HIST,https://hfdatalibrary.com/pages/data
VTRS,Viatris,16.24,2026-08-14,5,ok,,HF Data Library / IEX HIST,https://hfdatalibrary.com/pages/data
VZ,Verizon,47.275,2026-08-14,5,ok,,HF Data Library / IEX HIST,https://hfdatalibrary.com/pages/data
WAB,Wabtec,297.15,2026-08-14,5,ok,,HF Data Library / IEX HIST,https://hfdatalibrary.com/pages/data
WAT,Waters Corporation,413.63,2026-08-14,5,ok,,HF Data Library / IEX HIST,https://hfdatalibrary.com/pages/data
WBD,Warner Bros. Discovery,,,,excluded,ticker_unavailable,,
WDAY,"Workday, Inc.",184.21,2026-08-14,5,ok,,HF Data Library / IEX HIST,https://hfdatalibrary.com/pages/data
WDC,Western Digital,455.17,2026-08-14,5,ok,,HF Data Library / IEX HIST,https://hfdatalibrary.com/pages/data
WEC,WEC Energy Group,109.11,2026-08-14,5,ok,,HF Data Library / IEX HIST,https://hfdatalibrary.com/pages/data
WELL,Welltower,234.52,2026-08-14,5,ok,,HF Data Library / IEX HIST,https://hfdatalibrary.com/pages/data
WFC,Wells Fargo,88.1,2026-08-14,5,ok,,HF Data Library / IEX HIST,https://hfdatalibrary.com/pages/data
WM,Waste Management,226.285,2026-08-14,5,ok,,HF Data Library / IEX HIST,https://hfdatalibrary.com/pages/data
WMB,Williams Companies,73.21,2026-08-14,5,ok,,HF Data Library / IEX HIST,https://hfdatalibrary.com/pages/data
WMT,Walmart,115.375,2026-08-14,5,ok,,HF Data Library / IEX HIST,https://hfdatalibrary.com/pages/data
WRB,W. R. Berkley Corporation,70.435,2026-08-14,5,ok,,HF Data Library / IEX HIST,https://hfdatalibrary.com/pages/data
WSM,"Williams-Sonoma, Inc.",,,,excluded,ticker_unavailable,,
WST,West Pharmaceutical Services,351.87,2026-08-14,5,ok,,HF Data Library / IEX HIST,https://hfdatalibrary.com/pages/data
WTW,Willis Towers Watson,339.98,2026-08-14,5,ok,,HF Data Library / IEX HIST,https://hfdatalibrary.com/pages/data
WY,Weyerhaeuser,24.83,2026-08-14,5,ok,,HF Data Library / IEX HIST,https://hfdatalibrary.com/pages/data
WYNN,Wynn Resorts,102.505,2026-08-14,5,ok,,HF Data Library / IEX HIST,https://hfdatalibrary.com/pages/data
XEL,Xcel Energy,78.51,2026-08-14,5,ok,,HF Data Library / IEX HIST,https://hfdatalibrary.com/pages/data
XOM,ExxonMobil,159.785,2026-08-14,5,ok,,HF Data Library / IEX HIST,https://hfdatalibrary.com/pages/data
XYL,Xylem Inc.,120.825,2026-08-14,5,ok,,HF Data Library / IEX HIST,https://hfdatalibrary.com/pages/data
XYZ,"Block, Inc.",,,,excluded,ticker_unavailable,,
YUM,Yum! Brands,148.77,2026-08-14,5,ok,,HF Data Library / IEX HIST,https://hfdatalibrary.com/pages/data
ZBH,Zimmer Biomet,97.625,2026-08-14,5,ok,,HF Data Library / IEX HIST,https://hfdatalibrary.com/pages/data
ZBRA,Zebra Technologies,379.66,2026-08-14,5,ok,,HF Data Library / IEX HIST,https://hfdatalibrary.com/pages/data
ZTS,Zoetis,74.84,2026-08-14,5,ok,,HF Data Library / IEX HIST,https://hfdatalibrary.com/pages/data
